,sgRNA,d15-1,d15-2,d15-3,spleen5,spleen4,spleen2,spleen1,bm5,bm4,bm3,bm2,bm1,input
0,gRNA_2,320.0,122.0,1273.0,152.0,95.0,253.0,90.0,44.0,51.0,31.0,61.0,72.0,690.0
4,gRNA_85,3156.0,779.0,8946.0,327.0,281.0,741.0,150.0,44.0,216.0,51.0,66.0,63.0,2445.0
69,gRNA_871,7984.0,2403.0,34422.0,790.0,887.0,2166.0,825.0,97.0,1939.0,344.0,434.0,359.0,5612.0
70,gRNA_895,715.0,235.0,3021.0,65.0,44.0,620.0,85.0,28.0,66.0,16.0,20.0,20.0,735.0
71,gRNA_896,1548.0,708.0,5909.0,386.0,424.0,666.0,305.0,56.0,1258.0,150.0,62.0,135.0,2595.0
79,gRNA_1000,3911.0,1340.0,16790.0,451.0,665.0,1545.0,346.0,71.0,898.0,84.0,81.0,298.0,3994.0
86,gRNA_1036,1482.0,450.0,5836.0,167.0,98.0,573.0,88.0,51.0,375.0,33.0,33.0,52.0,1847.0
94,gRNA_1149,7176.0,1990.0,30890.0,210.0,199.0,598.0,102.0,26.0,492.0,45.0,23.0,111.0,1822.0
97,gRNA_1322,2299.0,793.0,12781.0,327.0,286.0,1028.0,315.0,59.0,344.0,64.0,111.0,189.0,2965.0
98,gRNA_1337,2036.0,599.0,8566.0,366.0,354.0,1470.0,368.0,53.0,303.0,97.0,89.0,130.0,2990.0
99,gRNA_1343,2161.0,527.0,7463.0,325.0,232.0,772.0,248.0,64.0,320.0,154.0,111.0,189.0,1939.0
101,gRNA_1376,1534.0,436.0,5029.0,194.0,306.0,634.0,255.0,46.0,456.0,305.0,73.0,105.0,2325.0
102,gRNA_1381,3164.0,1048.0,11384.0,601.0,324.0,1143.0,398.0,149.0,517.0,210.0,252.0,251.0,4176.0
103,gRNA_1382,1115.0,288.0,3416.0,358.0,235.0,483.0,267.0,74.0,1463.0,97.0,107.0,304.0,2421.0
104,gRNA_1383,3868.0,1052.0,13882.0,641.0,561.0,2109.0,835.0,113.0,1372.0,198.0,229.0,304.0,4583.0
116,gRNA_1551,4821.0,1545.0,19998.0,797.0,629.0,1910.0,717.0,182.0,872.0,176.0,181.0,394.0,5988.0
122,gRNA_1726,1703.0,504.0,6280.0,499.0,429.0,947.0,414.0,85.0,1279.0,171.0,120.0,277.0,2445.0
128,gRNA_1977,1781.0,424.0,5525.0,555.0,395.0,828.0,335.0,86.0,570.0,141.0,97.0,160.0,2949.0
130,gRNA_2134,2852.0,772.0,10830.0,472.0,398.0,935.0,635.0,79.0,1092.0,238.0,57.0,214.0,3599.0
141,gRNA_2265,2229.0,759.0,8779.0,144.0,254.0,798.0,175.0,56.0,582.0,41.0,41.0,113.0,2102.0
149,gRNA_2385,6406.0,2661.0,32839.0,979.0,620.0,2381.0,771.0,128.0,834.0,363.0,167.0,279.0,7608.0
151,gRNA_2401,1132.0,340.0,4105.0,406.0,397.0,745.0,487.0,38.0,280.0,56.0,37.0,87.0,1964.0
182,gRNA_2474,575.0,143.0,2217.0,166.0,218.0,428.0,168.0,24.0,497.0,19.0,43.0,58.0,1413.0
212,gRNA_2569,1997.0,657.0,6505.0,229.0,151.0,450.0,183.0,40.0,465.0,58.0,100.0,89.0,2009.0
213,gRNA_2658,4529.0,1851.0,15172.0,423.0,300.0,1148.0,426.0,76.0,325.0,81.0,119.0,138.0,2400.0
218,gRNA_2703,1253.0,329.0,3788.0,156.0,146.0,510.0,201.0,26.0,276.0,42.0,42.0,71.0,1612.0
223,gRNA_2747,2585.0,766.0,8661.0,365.0,314.0,826.0,326.0,54.0,974.0,87.0,31.0,436.0,3696.0
230,gRNA_2775,3253.0,1413.0,18465.0,447.0,480.0,1265.0,413.0,84.0,1392.0,375.0,76.0,268.0,3929.0
234,gRNA_2810,2743.0,938.0,11897.0,268.0,336.0,848.0,219.0,57.0,428.0,67.0,71.0,124.0,3367.0
242,gRNA_3011,1770.0,396.0,5105.0,213.0,128.0,346.0,158.0,38.0,172.0,38.0,29.0,91.0,2551.0
243,gRNA_3012,1241.0,507.0,4507.0,372.0,479.0,712.0,280.0,131.0,856.0,111.0,126.0,164.0,2659.0
244,gRNA_3031,2255.0,786.0,6117.0,610.0,383.0,1635.0,452.0,92.0,829.0,118.0,313.0,354.0,3802.0
251,gRNA_3084,1578.0,678.0,6117.0,235.0,238.0,646.0,608.0,39.0,208.0,120.0,60.0,74.0,1634.0
252,gRNA_3086,3151.0,935.0,15018.0,198.0,193.0,714.0,188.0,59.0,118.0,33.0,54.0,47.0,1692.0
256,gRNA_3107,2045.0,643.0,6293.0,644.0,666.0,1553.0,560.0,209.0,1197.0,108.0,148.0,247.0,2176.0
259,gRNA_3522,1588.0,557.0,5235.0,344.0,235.0,1563.0,323.0,64.0,1341.0,137.0,81.0,84.0,3221.0
260,gRNA_3523,2252.0,937.0,11862.0,307.0,198.0,596.0,337.0,46.0,306.0,43.0,53.0,144.0,1974.0
261,gRNA_3524,4621.0,1511.0,22712.0,486.0,392.0,921.0,349.0,103.0,399.0,138.0,108.0,195.0,3803.0
262,gRNA_3525,2346.0,826.0,9706.0,374.0,309.0,777.0,345.0,107.0,694.0,51.0,78.0,183.0,3017.0
263,gRNA_3570,3693.0,1209.0,13398.0,462.0,474.0,1505.0,401.0,81.0,430.0,127.0,224.0,269.0,3728.0
264,gRNA_3579,2221.0,1275.0,11024.0,238.0,252.0,724.0,208.0,42.0,1822.0,29.0,60.0,135.0,2143.0
265,gRNA_3580,1159.0,350.0,3798.0,282.0,209.0,712.0,289.0,41.0,324.0,100.0,133.0,80.0,1672.0
266,gRNA_3677,16454.0,5686.0,63157.0,1600.0,1275.0,3637.0,1321.0,304.0,3704.0,340.0,327.0,734.0,9433.0
267,gRNA_3686,1380.0,430.0,4309.0,459.0,402.0,713.0,236.0,79.0,376.0,102.0,56.0,272.0,2865.0
268,gRNA_3698,4262.0,1044.0,12469.0,934.0,964.0,3450.0,799.0,237.0,2272.0,149.0,226.0,415.0,7464.0
269,gRNA_3703,2783.0,572.0,9494.0,551.0,622.0,1431.0,492.0,87.0,907.0,39.0,63.0,330.0,3213.0
270,gRNA_3905,3164.0,1230.0,11407.0,181.0,322.0,564.0,220.0,36.0,191.0,205.0,57.0,168.0,1876.0
271,gRNA_3906,296.0,45.0,1007.0,101.0,109.0,204.0,82.0,29.0,115.0,3.0,14.0,72.0,887.0
272,gRNA_3909,3988.0,1108.0,12888.0,354.0,402.0,1142.0,479.0,57.0,849.0,821.0,170.0,234.0,2985.0
287,gRNA_4033,3135.0,726.0,9244.0,412.0,307.0,1138.0,402.0,64.0,414.0,57.0,110.0,233.0,4321.0
299,gRNA_4195,16307.0,5426.0,71412.0,769.0,835.0,2670.0,1203.0,183.0,1081.0,368.0,259.0,454.0,8494.0
301,gRNA_4440,3363.0,1055.0,15316.0,584.0,431.0,1301.0,514.0,104.0,1293.0,140.0,105.0,260.0,5034.0
304,gRNA_4461,1699.0,531.0,6189.0,288.0,300.0,626.0,201.0,64.0,570.0,114.0,63.0,74.0,1996.0
305,gRNA_4577,1064.0,301.0,4152.0,152.0,95.0,597.0,209.0,27.0,96.0,19.0,35.0,62.0,1428.0
306,gRNA_4578,1382.0,402.0,4580.0,307.0,378.0,701.0,467.0,67.0,365.0,124.0,123.0,184.0,2212.0
307,gRNA_4621,809.0,231.0,2889.0,271.0,83.0,332.0,170.0,33.0,80.0,25.0,21.0,24.0,1322.0
308,gRNA_4628,2155.0,560.0,5938.0,599.0,411.0,848.0,287.0,90.0,1193.0,82.0,82.0,237.0,3471.0
309,gRNA_4735,2255.0,804.0,7736.0,186.0,185.0,611.0,160.0,40.0,332.0,87.0,46.0,59.0,2926.0
316,gRNA_4770,2211.0,723.0,8943.0,332.0,352.0,1180.0,258.0,41.0,468.0,135.0,139.0,179.0,3712.0
317,gRNA_4782,1084.0,294.0,5639.0,237.0,182.0,782.0,313.0,57.0,350.0,139.0,62.0,142.0,2035.0
318,gRNA_4829,4581.0,1136.0,14400.0,389.0,375.0,999.0,370.0,38.0,882.0,82.0,62.0,251.0,4866.0
319,gRNA_4888,1829.0,395.0,7571.0,190.0,133.0,525.0,142.0,20.0,375.0,78.0,68.0,162.0,2211.0
321,gRNA_5194,3130.0,808.0,9792.0,427.0,402.0,1456.0,775.0,81.0,326.0,126.0,145.0,1179.0,4984.0
325,gRNA_5228,1020.0,279.0,3423.0,297.0,353.0,714.0,404.0,28.0,377.0,120.0,211.0,130.0,1921.0
326,gRNA_5236,2630.0,703.0,8071.0,574.0,885.0,1415.0,522.0,153.0,3606.0,117.0,88.0,333.0,3536.0
338,gRNA_5373,9950.0,2879.0,37166.0,689.0,818.0,1605.0,762.0,146.0,1392.0,993.0,143.0,538.0,7363.0
339,gRNA_5374,3407.0,1256.0,8721.0,296.0,402.0,964.0,395.0,71.0,903.0,118.0,62.0,134.0,2279.0
340,gRNA_5501,2856.0,615.0,7035.0,424.0,198.0,1102.0,353.0,61.0,658.0,43.0,122.0,214.0,3293.0
341,gRNA_5621,2128.0,703.0,11663.0,442.0,277.0,1095.0,666.0,107.0,807.0,159.0,46.0,1396.0,2899.0
342,gRNA_5624,2469.0,555.0,9698.0,231.0,184.0,827.0,211.0,25.0,743.0,52.0,71.0,117.0,2389.0
343,gRNA_5625,1993.0,489.0,7199.0,439.0,596.0,1832.0,421.0,70.0,1556.0,110.0,45.0,166.0,3336.0
344,gRNA_5740,5635.0,2327.0,20412.0,702.0,484.0,1402.0,523.0,125.0,255.0,157.0,216.0,224.0,4025.0
360,gRNA_6080,1023.0,270.0,2703.0,99.0,132.0,159.0,90.0,15.0,86.0,4.0,40.0,35.0,975.0
361,gRNA_6081,373.0,95.0,1276.0,127.0,45.0,525.0,70.0,13.0,215.0,6.0,14.0,36.0,629.0
362,gRNA_6087,2141.0,574.0,6940.0,276.0,432.0,901.0,311.0,50.0,364.0,283.0,64.0,146.0,2119.0
364,gRNA_6111,1280.0,331.0,3785.0,430.0,472.0,1246.0,535.0,81.0,867.0,87.0,98.0,194.0,2277.0
366,gRNA_6125,322.0,131.0,1392.0,68.0,66.0,196.0,85.0,12.0,152.0,15.0,8.0,15.0,825.0
399,gRNA_6472,986.0,382.0,4393.0,61.0,91.0,302.0,94.0,17.0,77.0,27.0,21.0,120.0,932.0
401,gRNA_6480,1259.0,398.0,6393.0,258.0,140.0,646.0,191.0,37.0,912.0,53.0,45.0,61.0,1492.0
422,gRNA_6629,1888.0,447.0,5635.0,241.0,131.0,826.0,207.0,42.0,127.0,46.0,84.0,58.0,1846.0
437,gRNA_6712,1415.0,353.0,5475.0,286.0,261.0,858.0,243.0,59.0,648.0,97.0,78.0,121.0,2128.0
440,gRNA_6743,5231.0,2253.0,23771.0,631.0,468.0,1918.0,482.0,125.0,321.0,99.0,152.0,190.0,3862.0
441,gRNA_6745,3465.0,887.0,13098.0,837.0,509.0,2089.0,554.0,113.0,1672.0,201.0,151.0,219.0,4350.0
442,gRNA_6781,2865.0,791.0,12274.0,303.0,205.0,900.0,224.0,77.0,1228.0,84.0,62.0,222.0,2972.0
443,gRNA_6782,275.0,71.0,1138.0,142.0,157.0,200.0,95.0,27.0,563.0,42.0,15.0,34.0,739.0
444,gRNA_6797,2370.0,554.0,8131.0,316.0,256.0,949.0,296.0,58.0,272.0,157.0,223.0,71.0,3106.0
445,gRNA_6833,2431.0,501.0,6556.0,318.0,231.0,697.0,222.0,65.0,198.0,147.0,49.0,122.0,2442.0
446,gRNA_6834,555.0,151.0,1953.0,103.0,118.0,146.0,74.0,32.0,152.0,32.0,22.0,68.0,945.0
447,gRNA_6835,1713.0,465.0,7015.0,208.0,257.0,404.0,109.0,28.0,292.0,112.0,32.0,152.0,2013.0
448,gRNA_6842,1006.0,370.0,3425.0,340.0,190.0,661.0,375.0,33.0,738.0,188.0,90.0,67.0,2095.0
449,gRNA_6849,13425.0,3991.0,53217.0,1223.0,1331.0,3188.0,1284.0,173.0,2261.0,367.0,227.0,729.0,8458.0
469,gRNA_7393,3437.0,766.0,11797.0,387.0,233.0,783.0,282.0,132.0,545.0,77.0,109.0,151.0,3629.0
474,gRNA_7429,1486.0,517.0,4860.0,178.0,343.0,814.0,318.0,44.0,508.0,147.0,55.0,167.0,1911.0
483,gRNA_7481,1179.0,411.0,5307.0,127.0,140.0,350.0,108.0,14.0,223.0,16.0,63.0,160.0,1180.0
484,gRNA_7510,1362.0,403.0,6201.0,299.0,221.0,729.0,214.0,42.0,355.0,53.0,37.0,142.0,1947.0
485,gRNA_7511,2137.0,767.0,8668.0,355.0,502.0,1128.0,281.0,53.0,905.0,279.0,191.0,161.0,2361.0
486,gRNA_7512,3220.0,930.0,12507.0,733.0,670.0,1454.0,555.0,127.0,895.0,121.0,277.0,349.0,6036.0
487,gRNA_7513,3386.0,1197.0,13610.0,1046.0,472.0,1382.0,595.0,130.0,681.0,200.0,223.0,310.0,4094.0
488,gRNA_7514,2980.0,681.0,10874.0,637.0,491.0,1429.0,340.0,119.0,386.0,239.0,100.0,382.0,3766.0
489,gRNA_7558,3220.0,804.0,8801.0,424.0,547.0,1612.0,391.0,67.0,377.0,209.0,67.0,102.0,3351.0
512,gRNA_7812,1675.0,574.0,7168.0,201.0,117.0,444.0,177.0,28.0,254.0,26.0,64.0,68.0,1711.0
513,gRNA_7813,4878.0,1171.0,17420.0,264.0,217.0,878.0,177.0,33.0,358.0,76.0,44.0,68.0,3335.0
514,gRNA_7816,3302.0,918.0,11033.0,462.0,430.0,1535.0,380.0,70.0,1283.0,132.0,95.0,176.0,4188.0
515,gRNA_7839,3421.0,994.0,14025.0,615.0,307.0,1245.0,407.0,105.0,807.0,245.0,232.0,134.0,3573.0
516,gRNA_7843,977.0,214.0,2095.0,195.0,217.0,493.0,165.0,15.0,128.0,77.0,32.0,152.0,2000.0
520,gRNA_7902,2048.0,509.0,5728.0,275.0,326.0,958.0,477.0,44.0,724.0,84.0,35.0,215.0,2363.0
524,gRNA_7918,4261.0,1306.0,17475.0,473.0,609.0,1130.0,475.0,117.0,1295.0,72.0,163.0,357.0,5679.0
559,gRNA_8228,2927.0,1173.0,14935.0,561.0,564.0,1801.0,718.0,113.0,1449.0,201.0,150.0,294.0,5213.0
600,gRNA_8699,2863.0,1162.0,13549.0,618.0,448.0,965.0,332.0,95.0,889.0,122.0,192.0,179.0,4495.0
601,gRNA_8775,5000.0,1814.0,17201.0,811.0,512.0,3111.0,817.0,160.0,1045.0,156.0,175.0,339.0,5065.0
602,gRNA_8803,6767.0,2551.0,31136.0,507.0,343.0,1636.0,557.0,118.0,512.0,316.0,230.0,381.0,5323.0
603,gRNA_8867,1629.0,527.0,7072.0,433.0,355.0,1003.0,399.0,80.0,501.0,147.0,57.0,131.0,3003.0
604,gRNA_8999,2201.0,505.0,6020.0,196.0,133.0,415.0,201.0,30.0,414.0,54.0,14.0,131.0,1631.0
605,gRNA_9105,7570.0,3029.0,27247.0,666.0,557.0,2957.0,883.0,103.0,2505.0,249.0,190.0,396.0,6290.0
606,gRNA_9114,952.0,368.0,3602.0,180.0,144.0,812.0,196.0,93.0,165.0,47.0,29.0,87.0,2111.0
607,gRNA_9115,1756.0,565.0,9824.0,247.0,222.0,605.0,272.0,48.0,121.0,28.0,35.0,106.0,2153.0
614,gRNA_9745,2557.0,859.0,9508.0,457.0,750.0,1564.0,583.0,76.0,1104.0,157.0,92.0,376.0,3790.0
615,gRNA_10049,3039.0,1029.0,13157.0,697.0,396.0,2124.0,684.0,145.0,762.0,104.0,124.0,239.0,5248.0
616,gRNA_10106,1242.0,368.0,4555.0,333.0,368.0,981.0,241.0,50.0,1294.0,91.0,144.0,130.0,2644.0
617,gRNA_10107,1537.0,353.0,5490.0,231.0,148.0,408.0,258.0,34.0,462.0,61.0,20.0,114.0,2578.0
621,gRNA_10342,1426.0,505.0,5601.0,351.0,276.0,925.0,260.0,49.0,494.0,44.0,73.0,302.0,2550.0
622,gRNA_10343,3235.0,724.0,10776.0,743.0,785.0,2139.0,834.0,129.0,1004.0,202.0,188.0,317.0,5522.0
623,gRNA_10363,1411.0,372.0,5737.0,655.0,412.0,1028.0,461.0,90.0,988.0,151.0,51.0,113.0,3493.0
632,gRNA_10504,3179.0,793.0,10854.0,335.0,421.0,1043.0,351.0,69.0,360.0,52.0,43.0,169.0,2975.0
633,gRNA_10547,3539.0,865.0,9349.0,335.0,201.0,590.0,150.0,30.0,184.0,19.0,73.0,102.0,2413.0
634,gRNA_10548,2956.0,953.0,13431.0,404.0,627.0,782.0,364.0,51.0,634.0,143.0,50.0,181.0,3748.0
635,gRNA_10596,1702.0,434.0,6912.0,325.0,344.0,1238.0,339.0,45.0,387.0,114.0,41.0,85.0,1851.0
636,gRNA_10598,1209.0,370.0,4681.0,354.0,207.0,581.0,228.0,43.0,467.0,89.0,48.0,77.0,2219.0
637,gRNA_10617,9689.0,2577.0,26062.0,630.0,445.0,1893.0,375.0,176.0,1056.0,71.0,171.0,304.0,6522.0
638,gRNA_10634,688.0,159.0,2617.0,249.0,228.0,645.0,308.0,56.0,382.0,71.0,57.0,121.0,1638.0
639,gRNA_10657,310.0,95.0,1105.0,100.0,130.0,209.0,110.0,22.0,94.0,8.0,37.0,89.0,801.0
640,gRNA_10664,2271.0,562.0,8111.0,515.0,336.0,719.0,397.0,83.0,354.0,126.0,84.0,267.0,3508.0
649,gRNA_10909,3681.0,1078.0,15052.0,512.0,392.0,1493.0,471.0,82.0,798.0,238.0,224.0,218.0,4248.0
658,gRNA_10969,2533.0,662.0,7285.0,593.0,348.0,1343.0,500.0,134.0,2293.0,98.0,130.0,347.0,3556.0
659,gRNA_10971,2018.0,754.0,6606.0,313.0,209.0,418.0,362.0,32.0,292.0,16.0,77.0,83.0,1262.0
661,gRNA_11071,1891.0,622.0,7613.0,392.0,403.0,953.0,302.0,80.0,697.0,113.0,121.0,229.0,2334.0
675,gRNA_11223,5773.0,2238.0,23727.0,731.0,716.0,2734.0,1174.0,185.0,1247.0,425.0,216.0,394.0,7491.0
676,gRNA_11284,375.0,146.0,1822.0,256.0,144.0,735.0,117.0,49.0,142.0,181.0,112.0,93.0,1108.0
677,gRNA_11285,607.0,201.0,2811.0,114.0,87.0,239.0,117.0,31.0,247.0,68.0,11.0,55.0,916.0
678,gRNA_11305,1190.0,368.0,3821.0,220.0,221.0,408.0,129.0,19.0,767.0,18.0,124.0,70.0,1530.0
679,gRNA_11315,210.0,41.0,595.0,65.0,36.0,149.0,24.0,9.0,19.0,3.0,2.0,9.0,404.0
680,gRNA_11324,2126.0,568.0,6365.0,389.0,515.0,910.0,455.0,66.0,1607.0,92.0,118.0,157.0,2801.0
709,gRNA_11607,1653.0,441.0,6249.0,411.0,365.0,1223.0,353.0,62.0,2649.0,140.0,155.0,112.0,3232.0
710,gRNA_11608,2824.0,858.0,11824.0,497.0,362.0,1599.0,327.0,90.0,266.0,148.0,93.0,127.0,2772.0
711,gRNA_11670,1240.0,397.0,4119.0,170.0,160.0,263.0,132.0,25.0,147.0,41.0,42.0,66.0,1259.0
712,gRNA_11798,970.0,275.0,4546.0,202.0,111.0,988.0,135.0,21.0,87.0,22.0,25.0,37.0,1878.0
731,gRNA_12024,3563.0,1241.0,11259.0,297.0,266.0,703.0,198.0,48.0,221.0,46.0,48.0,101.0,2819.0
732,gRNA_12026,6839.0,2605.0,34937.0,351.0,239.0,1340.0,323.0,62.0,520.0,18.0,80.0,99.0,2539.0
733,gRNA_12164,1480.0,443.0,5885.0,305.0,187.0,1958.0,327.0,66.0,493.0,85.0,376.0,81.0,2422.0
734,gRNA_12197,3182.0,859.0,12461.0,596.0,422.0,1782.0,350.0,92.0,947.0,171.0,240.0,169.0,4758.0
735,gRNA_12271,3111.0,838.0,12665.0,474.0,296.0,978.0,359.0,105.0,410.0,114.0,170.0,195.0,4254.0
736,gRNA_12272,5675.0,1513.0,20619.0,651.0,679.0,1599.0,587.0,88.0,675.0,181.0,145.0,202.0,5398.0
742,gRNA_12386,4731.0,1774.0,19385.0,741.0,879.0,2686.0,746.0,148.0,1631.0,233.0,168.0,299.0,5325.0
760,gRNA_12523,2348.0,863.0,7743.0,446.0,445.0,1076.0,372.0,118.0,738.0,136.0,116.0,224.0,3399.0
768,gRNA_12536,2836.0,821.0,8534.0,487.0,529.0,1231.0,481.0,74.0,1032.0,144.0,65.0,123.0,3061.0
777,gRNA_12548,1260.0,364.0,5613.0,110.0,77.0,217.0,107.0,25.0,141.0,27.0,17.0,84.0,988.0
784,gRNA_12556,2086.0,738.0,7357.0,758.0,820.0,1906.0,819.0,150.0,888.0,140.0,479.0,515.0,3153.0
785,gRNA_12558,4332.0,1126.0,17768.0,343.0,551.0,1106.0,322.0,65.0,747.0,233.0,76.0,156.0,4067.0
791,gRNA_12567,3094.0,940.0,10943.0,584.0,608.0,1349.0,710.0,58.0,485.0,152.0,89.0,192.0,3990.0
800,gRNA_12579,923.0,374.0,5001.0,135.0,212.0,661.0,237.0,19.0,123.0,51.0,67.0,75.0,1508.0
801,gRNA_12580,1334.0,461.0,5888.0,204.0,213.0,645.0,286.0,32.0,448.0,97.0,52.0,72.0,1717.0
802,gRNA_12583,1751.0,519.0,6993.0,189.0,127.0,414.0,131.0,57.0,162.0,57.0,37.0,103.0,2085.0
803,gRNA_12592,868.0,375.0,4115.0,334.0,431.0,901.0,272.0,38.0,3991.0,63.0,73.0,131.0,2185.0
806,gRNA_12597,3028.0,767.0,8879.0,451.0,356.0,970.0,216.0,65.0,860.0,47.0,80.0,121.0,3311.0
807,gRNA_12601,1615.0,504.0,4620.0,412.0,412.0,1428.0,313.0,69.0,785.0,68.0,294.0,389.0,2489.0
808,gRNA_12602,10544.0,4077.0,42264.0,1226.0,969.0,2555.0,966.0,169.0,1453.0,520.0,309.0,643.0,7916.0
810,gRNA_12604,7858.0,2411.0,31012.0,345.0,312.0,1634.0,338.0,32.0,464.0,72.0,76.0,78.0,2103.0
834,gRNA_12652,3630.0,1126.0,15930.0,502.0,716.0,1932.0,690.0,87.0,2067.0,101.0,218.0,639.0,4464.0
835,gRNA_12831,2415.0,827.0,9116.0,284.0,344.0,824.0,356.0,78.0,778.0,126.0,93.0,138.0,3018.0
844,gRNA_13011,3347.0,907.0,13507.0,230.0,252.0,461.0,137.0,44.0,409.0,44.0,39.0,129.0,2228.0
849,gRNA_13599,1773.0,597.0,7644.0,152.0,101.0,644.0,244.0,44.0,160.0,93.0,36.0,145.0,1690.0
850,gRNA_13600,3098.0,1196.0,13465.0,492.0,571.0,1293.0,489.0,106.0,728.0,428.0,54.0,250.0,3695.0
851,gRNA_13601,2351.0,830.0,12571.0,584.0,678.0,2096.0,670.0,85.0,859.0,150.0,170.0,303.0,4531.0
852,gRNA_13602,2576.0,654.0,12189.0,343.0,357.0,486.0,247.0,58.0,306.0,123.0,84.0,178.0,3436.0
853,gRNA_13603,1955.0,571.0,7095.0,588.0,335.0,657.0,288.0,246.0,363.0,60.0,61.0,124.0,3479.0
854,gRNA_13604,3795.0,1250.0,15432.0,664.0,646.0,2081.0,649.0,108.0,744.0,225.0,324.0,455.0,6035.0
855,gRNA_13605,734.0,194.0,1960.0,107.0,44.0,114.0,83.0,20.0,97.0,15.0,22.0,47.0,1244.0
856,gRNA_13606,12168.0,3854.0,44679.0,1369.0,1649.0,4499.0,1373.0,349.0,2946.0,225.0,529.0,1032.0,10489.0
857,gRNA_13607,10989.0,4028.0,46479.0,1550.0,1246.0,4298.0,1144.0,271.0,3699.0,358.0,618.0,608.0,10771.0
858,gRNA_13608,2212.0,1130.0,10509.0,455.0,360.0,1504.0,383.0,56.0,461.0,45.0,98.0,349.0,2060.0
1200,gRNA_14579,2254.0,883.0,10375.0,451.0,354.0,981.0,355.0,66.0,684.0,60.0,78.0,165.0,3227.0
1201,gRNA_14580,1949.0,667.0,9167.0,390.0,266.0,1338.0,472.0,95.0,1003.0,91.0,135.0,287.0,2541.0
1202,gRNA_14581,1446.0,400.0,6330.0,406.0,215.0,1395.0,329.0,76.0,399.0,153.0,62.0,193.0,2806.0
1203,gRNA_14582,832.0,260.0,4782.0,242.0,274.0,1497.0,323.0,41.0,550.0,71.0,47.0,105.0,1862.0
1204,gRNA_14583,120.0,33.0,432.0,91.0,75.0,237.0,117.0,20.0,31.0,38.0,46.0,36.0,594.0
1205,gRNA_14584,3877.0,820.0,9782.0,242.0,253.0,1015.0,305.0,51.0,519.0,69.0,64.0,181.0,2542.0
1206,gRNA_14585,2608.0,618.0,10276.0,350.0,311.0,1520.0,448.0,63.0,607.0,100.0,192.0,148.0,2845.0
1207,gRNA_14586,4303.0,1369.0,16464.0,762.0,557.0,2192.0,683.0,149.0,1086.0,294.0,154.0,304.0,5490.0
1208,gRNA_14587,1939.0,597.0,7036.0,233.0,139.0,899.0,228.0,60.0,423.0,152.0,49.0,91.0,1822.0
1209,gRNA_14588,8108.0,3358.0,37637.0,855.0,733.0,1790.0,824.0,125.0,1743.0,459.0,184.0,373.0,4922.0
1210,gRNA_14589,2014.0,592.0,8087.0,240.0,310.0,701.0,167.0,30.0,408.0,55.0,36.0,83.0,1716.0
1211,gRNA_14590,1772.0,534.0,9154.0,332.0,308.0,1426.0,315.0,90.0,966.0,59.0,139.0,53.0,1413.0
1212,gRNA_14591,6439.0,1922.0,21902.0,552.0,758.0,1042.0,365.0,134.0,579.0,181.0,140.0,442.0,4450.0
1213,gRNA_14592,7.0,2.0,65.0,7.0,5.0,4.0,0.0,3.0,1.0,0.0,0.0,3.0,34.0
1214,gRNA_14593,2383.0,1078.0,13218.0,523.0,613.0,2379.0,488.0,80.0,686.0,107.0,121.0,199.0,3619.0
1215,gRNA_14594,631.0,202.0,2530.0,158.0,181.0,613.0,193.0,31.0,241.0,269.0,47.0,81.0,1058.0
1216,gRNA_14595,2551.0,837.0,8865.0,697.0,545.0,1634.0,592.0,195.0,2633.0,67.0,169.0,389.0,4136.0
1217,gRNA_14596,1554.0,504.0,6575.0,632.0,606.0,1510.0,382.0,91.0,850.0,142.0,382.0,258.0,4355.0
1278,gRNA_14657,8225.0,2511.0,33258.0,965.0,1229.0,3112.0,828.0,245.0,972.0,267.0,380.0,669.0,9809.0
1279,gRNA_14658,11641.0,4214.0,57839.0,1737.0,1729.0,4359.0,1455.0,232.0,2565.0,477.0,702.0,1038.0,14275.0
1280,gRNA_14659,4876.0,1373.0,21724.0,1038.0,1008.0,3192.0,938.0,159.0,1086.0,394.0,256.0,702.0,6924.0
1281,gRNA_14660,6241.0,2914.0,23995.0,503.0,644.0,1560.0,508.0,112.0,1010.0,176.0,171.0,456.0,7084.0
1282,gRNA_14661,6124.0,2189.0,23500.0,948.0,994.0,3748.0,960.0,143.0,2138.0,238.0,423.0,265.0,8235.0
1283,gRNA_14662,43154.0,15003.0,161448.0,1606.0,1419.0,3587.0,1093.0,270.0,3722.0,351.0,449.0,557.0,16513.0
1284,gRNA_14663,5934.0,1778.0,22580.0,828.0,790.0,2672.0,967.0,111.0,1271.0,194.0,137.0,372.0,9531.0
1285,gRNA_14664,11048.0,3769.0,65106.0,1163.0,920.0,3390.0,1089.0,268.0,2677.0,361.0,348.0,641.0,9641.0
1286,gRNA_14665,5006.0,1736.0,19477.0,752.0,785.0,2115.0,683.0,159.0,901.0,238.0,118.0,318.0,6895.0
1287,gRNA_14666,5199.0,1556.0,20884.0,1112.0,1231.0,4426.0,1349.0,250.0,1493.0,322.0,331.0,551.0,7320.0
1288,gRNA_14667,3780.0,919.0,15916.0,790.0,565.0,1621.0,620.0,141.0,697.0,268.0,135.0,396.0,6692.0
1289,gRNA_14668,4146.0,1279.0,13240.0,1955.0,1881.0,5081.0,1636.0,328.0,3958.0,428.0,731.0,949.0,7466.0
1290,gRNA_14669,3800.0,1138.0,16286.0,832.0,824.0,2241.0,734.0,154.0,3126.0,322.0,191.0,440.0,6657.0
1291,gRNA_14670,16482.0,4415.0,66844.0,1661.0,1806.0,6751.0,1992.0,236.0,3318.0,660.0,419.0,1176.0,15186.0
1292,gRNA_14671,2206.0,640.0,9588.0,496.0,583.0,1363.0,485.0,80.0,700.0,156.0,127.0,234.0,4340.0
1293,gRNA_14672,2377.0,753.0,9253.0,721.0,511.0,1487.0,451.0,95.0,767.0,178.0,135.0,245.0,3782.0
1294,gRNA_14673,8293.0,3435.0,44490.0,1389.0,1355.0,3816.0,1417.0,231.0,4239.0,562.0,409.0,817.0,11715.0
1295,gRNA_14674,7471.0,2247.0,23822.0,767.0,853.0,1720.0,770.0,162.0,2011.0,75.0,332.0,578.0,6769.0
1296,gRNA_14675,4595.0,1397.0,15527.0,958.0,931.0,1852.0,733.0,206.0,2332.0,101.0,253.0,373.0,5698.0
1297,gRNA_14676,13348.0,3697.0,62972.0,1513.0,1344.0,4006.0,1131.0,251.0,1740.0,801.0,662.0,1556.0,9945.0
1298,gRNA_14677,6156.0,1884.0,20913.0,510.0,286.0,819.0,282.0,122.0,429.0,75.0,163.0,215.0,4821.0
1299,gRNA_14678,3649.0,1159.0,13908.0,815.0,1027.0,2405.0,1050.0,197.0,1349.0,304.0,125.0,422.0,7412.0
1300,gRNA_14679,6072.0,2386.0,23065.0,972.0,994.0,3143.0,953.0,153.0,1251.0,310.0,199.0,470.0,8439.0
1301,gRNA_14680,2453.0,684.0,8568.0,375.0,290.0,1142.0,397.0,85.0,1150.0,87.0,215.0,147.0,3449.0
1302,gRNA_14681,7039.0,2157.0,27506.0,756.0,883.0,2663.0,828.0,148.0,2971.0,243.0,284.0,405.0,8585.0
1303,gRNA_14682,7409.0,2443.0,27797.0,920.0,980.0,1935.0,675.0,143.0,4768.0,410.0,229.0,993.0,6889.0
1304,gRNA_14683,3493.0,820.0,10884.0,662.0,547.0,1035.0,628.0,93.0,1187.0,124.0,118.0,279.0,4567.0
1305,gRNA_14684,12685.0,5444.0,51812.0,1448.0,1648.0,4835.0,1744.0,277.0,1979.0,511.0,738.0,853.0,11460.0
1306,gRNA_14685,11823.0,3572.0,48588.0,1866.0,1351.0,3835.0,1480.0,288.0,3907.0,462.0,476.0,1066.0,14585.0
1307,gRNA_14686,6008.0,1712.0,18898.0,835.0,629.0,2831.0,878.0,135.0,3512.0,277.0,129.0,624.0,7123.0
1308,gRNA_14687,5473.0,1637.0,22727.0,791.0,876.0,3674.0,1092.0,131.0,3100.0,316.0,204.0,390.0,8037.0
1309,gRNA_14688,9027.0,2250.0,38554.0,967.0,1009.0,2233.0,653.0,101.0,2585.0,212.0,282.0,442.0,6474.0
1310,gRNA_14689,2665.0,853.0,11497.0,435.0,331.0,997.0,325.0,136.0,867.0,139.0,137.0,111.0,3361.0
1311,gRNA_14690,6570.0,2010.0,28586.0,776.0,945.0,2179.0,546.0,134.0,2560.0,316.0,109.0,431.0,7470.0
1312,gRNA_14691,3599.0,1166.0,11242.0,649.0,657.0,1768.0,520.0,96.0,1172.0,244.0,78.0,248.0,4690.0
1313,gRNA_14692,8218.0,2341.0,35230.0,1267.0,1349.0,3494.0,1316.0,261.0,3440.0,479.0,333.0,1294.0,11139.0
1314,gRNA_14693,2342.0,841.0,11181.0,486.0,221.0,979.0,409.0,83.0,489.0,123.0,71.0,177.0,3175.0
1315,gRNA_14694,16473.0,5659.0,62879.0,2241.0,2531.0,5345.0,2367.0,365.0,3021.0,917.0,421.0,1047.0,14831.0
1316,gRNA_14695,6552.0,2174.0,28039.0,647.0,745.0,1092.0,452.0,142.0,1598.0,134.0,228.0,420.0,4939.0
1317,gRNA_14696,4453.0,1793.0,18223.0,681.0,640.0,2190.0,583.0,175.0,1450.0,137.0,179.0,201.0,5712.0
1318,gRNA_14697,2507.0,842.0,9010.0,216.0,264.0,855.0,170.0,56.0,1022.0,52.0,42.0,97.0,2328.0
1319,gRNA_14698,4410.0,1141.0,12739.0,760.0,824.0,1343.0,538.0,180.0,2551.0,340.0,99.0,327.0,8792.0
1320,gRNA_14699,4617.0,1415.0,16628.0,351.0,460.0,978.0,326.0,80.0,919.0,82.0,71.0,253.0,3219.0
1321,gRNA_14700,3718.0,1080.0,15500.0,522.0,505.0,1286.0,420.0,110.0,1031.0,78.0,91.0,302.0,5095.0
1322,gRNA_14701,2288.0,722.0,7789.0,301.0,248.0,757.0,232.0,43.0,773.0,32.0,98.0,122.0,3860.0
1323,gRNA_14702,4738.0,1369.0,21036.0,1229.0,1347.0,3211.0,1104.0,176.0,2878.0,185.0,463.0,449.0,7702.0
1324,gRNA_14703,1708.0,577.0,7037.0,353.0,514.0,1632.0,470.0,59.0,530.0,152.0,84.0,193.0,2697.0
1325,gRNA_14704,12878.0,3446.0,42364.0,588.0,499.0,2051.0,637.0,100.0,958.0,51.0,177.0,423.0,6445.0
1326,gRNA_14705,2268.0,748.0,9485.0,577.0,795.0,1707.0,619.0,97.0,518.0,46.0,72.0,302.0,5079.0
1327,gRNA_14706,2670.0,760.0,11659.0,448.0,184.0,1174.0,388.0,63.0,168.0,53.0,209.0,183.0,4207.0
1328,gRNA_14707,6414.0,1984.0,22497.0,1226.0,774.0,3797.0,946.0,177.0,1926.0,183.0,385.0,599.0,11261.0
1329,gRNA_14708,14986.0,4064.0,47398.0,1169.0,1227.0,4211.0,1112.0,210.0,2832.0,429.0,260.0,495.0,7913.0
1330,gRNA_14709,4929.0,1448.0,25717.0,952.0,1155.0,2917.0,949.0,200.0,2825.0,276.0,222.0,479.0,6001.0
1331,gRNA_14710,2386.0,644.0,7912.0,536.0,248.0,903.0,292.0,100.0,151.0,211.0,38.0,253.0,3763.0
1332,gRNA_14711,6481.0,1444.0,27590.0,586.0,559.0,2287.0,495.0,105.0,1034.0,90.0,119.0,156.0,4675.0
1333,gRNA_14712,3174.0,1398.0,13945.0,362.0,344.0,1064.0,361.0,51.0,861.0,55.0,306.0,327.0,3772.0
1334,gRNA_14713,4704.0,1891.0,19399.0,650.0,524.0,1618.0,442.0,127.0,407.0,210.0,143.0,396.0,6244.0
1335,gRNA_14714,3935.0,1266.0,17463.0,627.0,637.0,1642.0,609.0,101.0,1572.0,384.0,160.0,297.0,6257.0
1336,gRNA_14715,4394.0,1692.0,17477.0,566.0,495.0,1564.0,464.0,123.0,1349.0,144.0,114.0,154.0,4411.0
1337,gRNA_14716,5238.0,1675.0,20518.0,935.0,823.0,2053.0,870.0,133.0,2501.0,119.0,115.0,444.0,6793.0
1338,gRNA_14717,3.0,0.0,9.0,0.0,0.0,1.0,0.0,0.0,0.0,0.0,0.0,0.0,12.0
1339,gRNA_14718,5192.0,1508.0,20380.0,833.0,742.0,3254.0,894.0,162.0,1699.0,211.0,229.0,333.0,7072.0
1340,gRNA_14719,4874.0,1337.0,20043.0,736.0,612.0,2393.0,803.0,122.0,2356.0,166.0,192.0,718.0,5615.0
1341,gRNA_14720,4995.0,1664.0,26316.0,1172.0,1092.0,2462.0,993.0,243.0,2382.0,455.0,310.0,494.0,8156.0
1342,gRNA_14721,13831.0,3775.0,54290.0,1075.0,975.0,3347.0,965.0,185.0,2041.0,140.0,176.0,562.0,9357.0
1343,gRNA_14722,5229.0,1469.0,19793.0,883.0,778.0,2889.0,1317.0,130.0,1226.0,424.0,221.0,1280.0,7306.0
1344,gRNA_14723,4096.0,1289.0,16879.0,647.0,758.0,1472.0,650.0,83.0,1066.0,183.0,193.0,320.0,5939.0
1345,gRNA_14724,5419.0,1756.0,20971.0,765.0,797.0,1582.0,788.0,154.0,1141.0,400.0,207.0,290.0,6324.0
1346,gRNA_14725,4674.0,1497.0,17454.0,942.0,894.0,1793.0,878.0,148.0,1418.0,144.0,125.0,570.0,7516.0
1347,gRNA_14726,6214.0,1763.0,22025.0,985.0,1150.0,2363.0,803.0,163.0,1481.0,154.0,291.0,534.0,6345.0
1348,gRNA_14727,58861.0,16947.0,206279.0,3862.0,3144.0,7838.0,3051.0,708.0,6859.0,1302.0,1043.0,1591.0,34960.0
1349,gRNA_14728,3066.0,785.0,12733.0,607.0,592.0,3310.0,900.0,135.0,2841.0,105.0,130.0,230.0,4117.0
1350,gRNA_14729,5010.0,1293.0,20495.0,806.0,615.0,2216.0,729.0,176.0,962.0,275.0,214.0,399.0,7625.0
1351,gRNA_14730,4451.0,1269.0,16685.0,696.0,1036.0,2643.0,603.0,138.0,909.0,503.0,247.0,605.0,7490.0
1352,gRNA_14731,4414.0,1390.0,15788.0,502.0,453.0,1195.0,485.0,75.0,707.0,182.0,153.0,228.0,4234.0
1353,gRNA_14732,42347.0,14674.0,226993.0,2217.0,1777.0,5855.0,2011.0,395.0,3652.0,563.0,773.0,790.0,18980.0
1354,gRNA_14733,5615.0,2139.0,18681.0,561.0,393.0,2165.0,649.0,100.0,1091.0,72.0,135.0,254.0,6051.0
1355,gRNA_14734,7476.0,2517.0,31270.0,1433.0,1460.0,4340.0,1275.0,367.0,1751.0,262.0,571.0,738.0,10309.0
1356,gRNA_14735,3005.0,786.0,9427.0,627.0,555.0,1268.0,495.0,153.0,1073.0,235.0,185.0,342.0,4934.0
1357,gRNA_14736,6547.0,1714.0,22734.0,885.0,878.0,2844.0,612.0,161.0,1339.0,311.0,142.0,572.0,7534.0
1358,gRNA_14737,2225.0,638.0,10548.0,519.0,590.0,948.0,338.0,69.0,1372.0,113.0,105.0,158.0,4735.0
1359,gRNA_14738,2880.0,1287.0,15402.0,707.0,686.0,2332.0,791.0,84.0,2421.0,389.0,79.0,283.0,6030.0
1360,gRNA_14739,11158.0,3440.0,41286.0,1468.0,1719.0,2045.0,1077.0,244.0,3844.0,431.0,312.0,543.0,12777.0
1361,gRNA_14740,436.0,124.0,914.0,10.0,26.0,47.0,36.0,0.0,118.0,6.0,2.0,38.0,410.0
1362,gRNA_14741,5482.0,1473.0,19638.0,882.0,500.0,2265.0,761.0,142.0,2026.0,292.0,471.0,404.0,5572.0
1363,gRNA_14742,8868.0,2821.0,31232.0,1212.0,797.0,1921.0,851.0,194.0,2753.0,208.0,287.0,428.0,6425.0
1364,gRNA_14743,4943.0,1638.0,18454.0,637.0,851.0,2618.0,624.0,138.0,1494.0,206.0,165.0,375.0,4801.0
1365,gRNA_14744,3566.0,996.0,14172.0,955.0,715.0,2328.0,542.0,133.0,1506.0,202.0,310.0,490.0,5198.0
1366,gRNA_14745,2457.0,655.0,9050.0,346.0,194.0,1141.0,373.0,41.0,214.0,68.0,148.0,157.0,4256.0
1367,gRNA_14746,21758.0,7237.0,92575.0,2922.0,5212.0,6801.0,3210.0,592.0,14848.0,985.0,907.0,3299.0,22732.0
1368,gRNA_14747,9419.0,2521.0,39895.0,1504.0,1264.0,3451.0,1377.0,219.0,2066.0,940.0,622.0,757.0,9419.0
1369,gRNA_14748,5997.0,1479.0,23631.0,1017.0,1401.0,3007.0,884.0,191.0,4043.0,261.0,170.0,438.0,7865.0
1370,gRNA_14749,3953.0,1313.0,20890.0,837.0,705.0,1833.0,827.0,139.0,3020.0,230.0,288.0,205.0,6085.0
1371,gRNA_14750,4346.0,1394.0,14752.0,572.0,526.0,934.0,366.0,118.0,1284.0,114.0,162.0,137.0,4880.0
1372,gRNA_14751,7734.0,2043.0,27098.0,635.0,537.0,1413.0,581.0,175.0,1308.0,250.0,109.0,250.0,5438.0
1373,gRNA_14752,3906.0,1134.0,14399.0,573.0,693.0,1805.0,804.0,132.0,707.0,252.0,166.0,408.0,6518.0
1374,gRNA_14753,4320.0,1266.0,18429.0,470.0,637.0,1041.0,470.0,89.0,1237.0,128.0,104.0,262.0,5394.0
1375,gRNA_14754,1569.0,552.0,6819.0,177.0,255.0,603.0,254.0,44.0,428.0,87.0,120.0,287.0,1548.0
1376,gRNA_14755,2344.0,667.0,12809.0,314.0,329.0,1075.0,386.0,58.0,302.0,142.0,79.0,127.0,3490.0
1377,gRNA_14756,3341.0,1025.0,11987.0,638.0,688.0,2135.0,590.0,124.0,1212.0,378.0,138.0,323.0,5472.0
1378,gRNA_14757,1978.0,547.0,7596.0,535.0,590.0,2203.0,604.0,135.0,1032.0,181.0,96.0,252.0,4672.0
1379,gRNA_14758,6304.0,1217.0,19192.0,677.0,844.0,3079.0,663.0,151.0,2418.0,182.0,352.0,412.0,7118.0
1380,gRNA_14759,2014.0,692.0,7571.0,975.0,890.0,2146.0,789.0,144.0,1774.0,256.0,476.0,382.0,5845.0
1381,gRNA_14760,3855.0,1449.0,19428.0,583.0,577.0,2006.0,956.0,106.0,858.0,329.0,209.0,268.0,5875.0
1382,gRNA_14761,6500.0,1819.0,19710.0,628.0,566.0,1833.0,512.0,100.0,1095.0,84.0,238.0,293.0,5801.0
1383,gRNA_14762,10262.0,3375.0,38984.0,1189.0,977.0,2846.0,1122.0,189.0,1435.0,191.0,366.0,506.0,8237.0
1384,gRNA_14763,2516.0,914.0,13512.0,334.0,388.0,686.0,268.0,39.0,696.0,123.0,253.0,109.0,2634.0
1385,gRNA_14764,10513.0,4010.0,53480.0,1003.0,1135.0,3189.0,1220.0,167.0,3055.0,467.0,305.0,429.0,10059.0
1386,gRNA_14765,8940.0,3204.0,38415.0,777.0,785.0,2495.0,779.0,137.0,1833.0,122.0,246.0,266.0,6842.0
1387,gRNA_14766,3669.0,887.0,12691.0,434.0,343.0,1891.0,314.0,84.0,1833.0,162.0,188.0,152.0,3549.0
1388,gRNA_14767,4204.0,1696.0,17456.0,671.0,626.0,1177.0,481.0,71.0,1018.0,83.0,191.0,265.0,4350.0
1389,gRNA_14768,6498.0,1798.0,25226.0,1311.0,1231.0,3342.0,1477.0,243.0,2687.0,497.0,191.0,576.0,9763.0
1390,gRNA_14769,2144.0,875.0,10524.0,536.0,489.0,1297.0,415.0,161.0,1380.0,135.0,65.0,319.0,3477.0
1391,gRNA_14770,15569.0,3735.0,73368.0,1498.0,1056.0,2975.0,1061.0,238.0,2101.0,401.0,227.0,461.0,14710.0
1392,gRNA_14771,2129.0,665.0,9539.0,348.0,469.0,1304.0,422.0,107.0,512.0,92.0,159.0,138.0,3147.0
1393,gRNA_14772,4778.0,1413.0,20748.0,999.0,1021.0,2133.0,798.0,205.0,1340.0,330.0,454.0,415.0,7507.0
1394,gRNA_14773,7403.0,2650.0,32903.0,758.0,860.0,2491.0,1241.0,175.0,1924.0,233.0,525.0,742.0,7005.0
1395,gRNA_14774,6533.0,2440.0,30360.0,947.0,756.0,1928.0,530.0,188.0,2646.0,325.0,247.0,546.0,7829.0
1396,gRNA_14775,6210.0,1884.0,24317.0,717.0,829.0,3406.0,512.0,132.0,1358.0,159.0,249.0,224.0,6466.0
1397,gRNA_14776,2591.0,838.0,8969.0,261.0,150.0,938.0,293.0,53.0,318.0,119.0,83.0,120.0,2518.0
1398,gRNA_14777,2923.0,1029.0,11159.0,431.0,434.0,1309.0,383.0,68.0,968.0,166.0,140.0,177.0,4032.0
1399,gRNA_14778,3820.0,1388.0,13610.0,448.0,700.0,1711.0,403.0,115.0,774.0,198.0,73.0,218.0,4885.0
1400,gRNA_14779,2628.0,958.0,12102.0,761.0,627.0,2315.0,814.0,146.0,1876.0,125.0,186.0,260.0,4792.0
1401,gRNA_14780,9661.0,2574.0,39562.0,1026.0,1088.0,2460.0,1157.0,184.0,2718.0,247.0,338.0,1694.0,9775.0
1402,gRNA_14781,109.0,32.0,372.0,34.0,2.0,60.0,16.0,2.0,1.0,3.0,5.0,4.0,210.0
1403,gRNA_14782,5159.0,1647.0,19107.0,687.0,629.0,2101.0,549.0,124.0,990.0,137.0,339.0,194.0,6308.0
1404,gRNA_14783,8402.0,2956.0,38909.0,726.0,660.0,1631.0,901.0,176.0,1076.0,102.0,139.0,291.0,9105.0
1405,gRNA_14784,2796.0,1081.0,11986.0,466.0,413.0,1822.0,596.0,83.0,1089.0,162.0,193.0,237.0,4480.0
1406,gRNA_14785,8381.0,3020.0,31379.0,1561.0,1544.0,3798.0,1077.0,293.0,4185.0,492.0,430.0,664.0,10393.0
1407,gRNA_14786,1493.0,286.0,6661.0,400.0,340.0,868.0,225.0,37.0,434.0,22.0,56.0,154.0,2321.0
1408,gRNA_14787,3083.0,886.0,11965.0,277.0,240.0,1310.0,349.0,52.0,803.0,89.0,81.0,125.0,3173.0
1409,gRNA_14788,6558.0,2119.0,24223.0,493.0,701.0,1852.0,465.0,83.0,682.0,220.0,207.0,304.0,5945.0
1410,gRNA_14789,2259.0,814.0,9359.0,881.0,968.0,2325.0,740.0,143.0,1963.0,249.0,150.0,575.0,5062.0
1411,gRNA_14790,2913.0,882.0,15180.0,484.0,440.0,1829.0,564.0,82.0,1113.0,54.0,290.0,343.0,4231.0
1412,gRNA_14791,6840.0,2386.0,27102.0,860.0,822.0,2083.0,1115.0,158.0,1528.0,315.0,218.0,717.0,10325.0
1413,gRNA_14792,6435.0,1917.0,23721.0,828.0,947.0,1961.0,846.0,159.0,2064.0,123.0,334.0,296.0,8629.0
1414,gRNA_14793,3408.0,1002.0,13761.0,843.0,840.0,2523.0,806.0,150.0,1005.0,250.0,136.0,463.0,7468.0
1415,gRNA_14794,2645.0,793.0,9929.0,244.0,192.0,1228.0,199.0,65.0,466.0,82.0,35.0,91.0,2616.0
1416,gRNA_14795,6500.0,2101.0,30684.0,734.0,709.0,2819.0,777.0,131.0,1606.0,293.0,178.0,462.0,6123.0
1417,gRNA_14796,5403.0,1287.0,23855.0,730.0,586.0,3111.0,647.0,148.0,1866.0,298.0,296.0,332.0,4510.0
1418,gRNA_14797,3744.0,1457.0,18704.0,517.0,504.0,2245.0,627.0,81.0,593.0,154.0,131.0,409.0,4642.0
1419,gRNA_14798,1810.0,580.0,7953.0,588.0,583.0,1116.0,354.0,108.0,1115.0,137.0,102.0,223.0,3589.0
1420,gRNA_14799,4313.0,1867.0,19668.0,821.0,675.0,1573.0,877.0,209.0,1263.0,311.0,255.0,406.0,5149.0
1421,gRNA_14800,9461.0,3234.0,47590.0,1263.0,1728.0,5458.0,1437.0,215.0,2135.0,361.0,369.0,713.0,9318.0
1422,gRNA_14801,5350.0,1841.0,23692.0,897.0,640.0,2319.0,649.0,163.0,1274.0,240.0,146.0,419.0,7845.0
1423,gRNA_14802,7545.0,2398.0,32930.0,1524.0,940.0,3440.0,1247.0,294.0,1198.0,206.0,209.0,375.0,10791.0
1424,gRNA_14803,6294.0,2117.0,28263.0,885.0,1120.0,3731.0,1079.0,175.0,1750.0,332.0,547.0,629.0,8805.0
1425,gRNA_14804,12598.0,3123.0,34186.0,1043.0,627.0,1988.0,975.0,200.0,1317.0,160.0,252.0,1018.0,8163.0
1426,gRNA_14805,8006.0,2741.0,37294.0,458.0,360.0,1201.0,351.0,82.0,2203.0,216.0,102.0,135.0,3586.0
1427,gRNA_14806,3636.0,1308.0,17847.0,460.0,588.0,1229.0,516.0,102.0,724.0,666.0,57.0,408.0,3198.0
1428,gRNA_14807,6712.0,2100.0,26798.0,1340.0,1055.0,4808.0,1146.0,249.0,2263.0,244.0,377.0,499.0,10614.0
1429,gRNA_14808,15676.0,5263.0,68616.0,1093.0,1422.0,3292.0,1206.0,161.0,1587.0,818.0,485.0,611.0,11739.0
1430,gRNA_14809,6039.0,1805.0,30651.0,359.0,232.0,726.0,250.0,91.0,169.0,312.0,35.0,107.0,2937.0
1431,gRNA_14810,9808.0,3659.0,42683.0,893.0,732.0,2587.0,1004.0,165.0,1823.0,231.0,251.0,432.0,8570.0
1432,gRNA_14811,6536.0,1624.0,24183.0,907.0,834.0,2643.0,763.0,152.0,986.0,156.0,304.0,413.0,9391.0
1433,gRNA_14812,7605.0,1948.0,36916.0,646.0,393.0,1378.0,426.0,105.0,1321.0,227.0,76.0,287.0,4222.0
1434,gRNA_14813,3503.0,1135.0,15214.0,697.0,623.0,2280.0,469.0,130.0,654.0,269.0,185.0,622.0,4542.0
1435,gRNA_14814,3217.0,932.0,12310.0,544.0,507.0,977.0,517.0,53.0,565.0,187.0,71.0,296.0,3940.0
1436,gRNA_14815,3867.0,1068.0,12732.0,366.0,342.0,1162.0,571.0,84.0,1148.0,56.0,193.0,145.0,4454.0
1437,gRNA_14816,9348.0,3308.0,44824.0,1290.0,754.0,3057.0,1055.0,152.0,915.0,709.0,125.0,468.0,9288.0
1438,gRNA_14817,1311.0,326.0,5903.0,482.0,467.0,1072.0,421.0,93.0,1224.0,102.0,229.0,188.0,2949.0
1439,gRNA_14818,8559.0,2348.0,38214.0,742.0,595.0,1540.0,373.0,111.0,2848.0,240.0,152.0,271.0,6388.0
1440,gRNA_14819,3624.0,1047.0,13227.0,406.0,480.0,1672.0,534.0,71.0,1068.0,139.0,84.0,156.0,4012.0
1441,gRNA_14820,3923.0,1153.0,14966.0,452.0,527.0,1197.0,306.0,99.0,513.0,321.0,69.0,286.0,4669.0
1442,gRNA_14821,6580.0,2004.0,26421.0,955.0,980.0,2126.0,920.0,189.0,1765.0,233.0,253.0,497.0,8019.0
1443,gRNA_14822,2500.0,931.0,10540.0,519.0,498.0,2012.0,482.0,113.0,1317.0,71.0,137.0,281.0,4376.0
1444,gRNA_14823,3356.0,909.0,11158.0,354.0,311.0,953.0,423.0,100.0,304.0,206.0,259.0,146.0,4878.0
1445,gRNA_14824,11938.0,4415.0,53117.0,716.0,759.0,1700.0,506.0,94.0,1500.0,141.0,211.0,354.0,6425.0
1446,gRNA_14825,6444.0,1729.0,25093.0,1341.0,1695.0,2547.0,1145.0,242.0,4304.0,666.0,532.0,735.0,7659.0
1447,gRNA_14826,9754.0,2919.0,33975.0,1356.0,1323.0,2990.0,1089.0,188.0,1623.0,266.0,163.0,475.0,9240.0
1448,gRNA_14827,7818.0,2431.0,27297.0,1035.0,1135.0,2915.0,920.0,207.0,2248.0,898.0,166.0,585.0,9908.0
1449,gRNA_14828,2430.0,776.0,9964.0,711.0,596.0,1983.0,583.0,90.0,641.0,260.0,94.0,324.0,3738.0
1450,gRNA_14829,19516.0,6367.0,89306.0,1398.0,1092.0,3814.0,1460.0,200.0,1262.0,304.0,315.0,829.0,13882.0
1451,gRNA_14830,6961.0,1889.0,29441.0,1455.0,1439.0,4197.0,1101.0,251.0,1505.0,486.0,305.0,654.0,12399.0
1452,gRNA_14831,5136.0,1870.0,20455.0,2226.0,1417.0,3505.0,1095.0,245.0,3110.0,618.0,331.0,794.0,9363.0
1453,gRNA_14832,9251.0,2941.0,36141.0,2225.0,1491.0,5253.0,2242.0,418.0,1954.0,432.0,555.0,1245.0,14130.0
1454,gRNA_14833,9870.0,3974.0,41108.0,943.0,813.0,2997.0,759.0,148.0,1199.0,157.0,195.0,405.0,9616.0
1455,gRNA_14834,21743.0,7263.0,101513.0,749.0,646.0,1461.0,579.0,106.0,1529.0,113.0,212.0,489.0,7098.0
